{"thresholds": {"T25": -10.4609, "T10": -11.12, "T05": -11.5237}, "bins": {"lo": -13.0, "hi": -3.0, "centers": [-12.9107, -12.7321, -12.5536, -12.375, -12.1964, -12.0179, -11.8393, -11.6607, -11.4821, -11.3036, -11.125, -10.9464, -10.7679, -10.5893, -10.4107, -10.2321, -10.0536, -9.875, -9.6964, -9.5179, -9.3393, -9.1607, -8.9821, -8.8036, -8.625, -8.4464, -8.2679, -8.0893, -7.9107, -7.7321, -7.5536, -7.375, -7.1964, -7.0179, -6.8393, -6.6607, -6.4821, -6.3036, -6.125, -5.9464, -5.7679, -5.5893, -5.4107, -5.2321, -5.0536, -4.875, -4.6964, -4.5179, -4.3393, -4.1607, -3.9821, -3.8036, -3.625, -3.4464, -3.2679, -3.0893]}, "baseline": {"n": 1999, "median": -9.851, "hr25": 0.2501, "hr10": 0.1001, "hr05": 0.05, "top500": -10.9628, "n_chemsys": 826, "top10_share": 0.1321, "hist": [0.0, 0.0028, 0.0084, 0.02241, 0.01961, 0.04762, 0.06723, 0.08684, 0.08684, 0.11766, 0.18769, 0.17929, 0.23252, 0.26893, 0.44262, 0.42581, 0.34737, 0.3978, 0.25773, 0.27454, 0.29135, 0.24932, 0.2073, 0.17649, 0.16248, 0.21851, 0.10085, 0.08404, 0.07844, 0.09805, 0.05043, 0.04482, 0.03642, 0.04202, 0.03362, 0.03642, 0.03082, 0.03082, 0.01121, 0.02801, 0.0084, 0.02241, 0.0056, 0.0084, 0.0084, 0.04762, 0.01121, 0.0028, 0.0, 0.0, 0.0, 0.0, 0.0, 0.0, 0.0, 0.0]}, "betas": ["0.1", "0.5", "1", "5", "25"], "pools": {"0.1": {"n": 1999, "median": -11.8293, "hr25": 0.902, "hr10": 0.8254, "hr05": 0.7099, "top500": -12.3945, "n_chemsys": 158, "top10_share": 0.6738, "hist": [0.0, 0.0084, 0.17929, 0.78439, 0.52666, 0.46783, 1.36988, 0.51266, 0.43702, 0.27734, 0.14007, 0.16808, 0.07004, 0.09805, 0.11486, 0.11766, 0.03082, 0.11206, 0.03642, 0.06163, 0.03082, 0.03642, 0.0056, 0.0056, 0.0028, 0.0, 0.0, 0.0, 0.0, 0.0, 0.0028, 0.0, 0.0, 0.0, 0.0028, 0.0, 0.0, 0.0, 0.0, 0.0, 0.0, 0.0, 0.0, 0.0, 0.0, 0.0, 0.0, 0.0, 0.0, 0.0, 0.0, 0.0, 0.0, 0.0, 0.0, 0.0]}, "0.5": {"n": 1996, "median": -10.111, "hr25": 0.3367, "hr10": 0.1373, "hr05": 0.0621, "top500": -11.213, "n_chemsys": 791, "top10_share": 0.1678, "hist": [0.0, 0.00842, 0.00561, 0.03928, 0.02806, 0.04489, 0.11222, 0.09539, 0.16553, 0.1992, 0.18517, 0.30862, 0.25251, 0.38156, 0.47976, 0.43768, 0.36192, 0.39279, 0.19359, 0.23848, 0.21603, 0.22445, 0.17395, 0.21323, 0.14589, 0.12345, 0.07295, 0.05331, 0.0477, 0.0505, 0.03086, 0.02244, 0.03086, 0.0477, 0.03086, 0.02806, 0.03086, 0.01683, 0.01964, 0.02244, 0.00842, 0.00842, 0.00842, 0.0, 0.00842, 0.02525, 0.0, 0.00281, 0.00561, 0.0, 0.0, 0.0, 0.0, 0.0, 0.0, 0.0]}, "1": {"n": 1998, "median": -9.9923, "hr25": 0.3023, "hr10": 0.1211, "hr05": 0.0556, "top500": -11.0789, "n_chemsys": 797, "top10_share": 0.1512, "hist": [0.0, 0.01122, 0.00842, 0.03928, 0.02244, 0.04208, 0.07295, 0.08697, 0.14589, 0.17956, 0.1515, 0.28617, 0.22445, 0.36473, 0.47695, 0.40681, 0.33667, 0.33948, 0.21884, 0.27776, 0.28898, 0.22445, 0.20762, 0.17956, 0.15711, 0.18517, 0.09539, 0.06453, 0.05892, 0.0477, 0.04208, 0.02525, 0.06172, 0.05331, 0.01683, 0.02525, 0.02244, 0.01964, 0.01964, 0.01122, 0.01403, 0.01403, 0.01964, 0.01964, 0.0, 0.01964, 0.0, 0.01122, 0.00281, 0.0, 0.0, 0.0, 0.0, 0.0, 0.0, 0.0]}, "5": {"n": 1998, "median": -9.9502, "hr25": 0.2773, "hr10": 0.1091, "hr05": 0.0516, "top500": -11.0083, "n_chemsys": 833, "top10_share": 0.1421, "hist": [0.0, 0.00561, 0.00561, 0.02243, 0.02243, 0.03365, 0.07011, 0.10656, 0.1318, 0.13741, 0.14021, 0.25799, 0.22994, 0.31688, 0.47952, 0.42344, 0.37857, 0.36174, 0.24116, 0.22994, 0.22714, 0.22994, 0.24397, 0.20471, 0.15423, 0.24116, 0.11497, 0.05328, 0.05328, 0.03645, 0.03926, 0.05048, 0.04206, 0.03365, 0.03085, 0.01963, 0.04767, 0.01122, 0.02804, 0.02804, 0.01683, 0.02243, 0.01683, 0.00841, 0.00561, 0.03085, 0.0, 0.01122, 0.0, 0.0, 0.0, 0.0, 0.0028, 0.0, 0.0, 0.0]}, "25": {"n": 1998, "median": -9.9268, "hr25": 0.2708, "hr10": 0.1006, "hr05": 0.0435, "top500": -10.9515, "n_chemsys": 830, "top10_share": 0.1507, "hist": [0.0, 0.00842, 0.00561, 0.01964, 0.02525, 0.02806, 0.08136, 0.06172, 0.11503, 0.15992, 0.13467, 0.24409, 0.20481, 0.35351, 0.47415, 0.41523, 0.38437, 0.36192, 0.21323, 0.2497, 0.2497, 0.21042, 0.23287, 0.22164, 0.16273, 0.24128, 0.08417, 0.08417, 0.07014, 0.05331, 0.0477, 0.03928, 0.05331, 0.0477, 0.05611, 0.01683, 0.03928, 0.02244, 0.01964, 0.01964, 0.00842, 0.01122, 0.00561, 0.01683, 0.0, 0.03086, 0.00281, 0.00561, 0.00281, 0.0, 0.0, 0.0, 0.00281, 0.0, 0.0, 0.0]}}, "primary": "0.5", "collapsed": "0.1"}